Artist,Link,Total
Clairo ,TIb3Qlv4D1A,323
Dre'es ,fSfHYxDiuCc,3
BENEE ,SztvQd1eYlI,102
BETWEEN FRIENDS ,frPT7NLjipg,9
Little Dragon ,8XIeEp9QCis,3
The Marías ,M5W2IZ_aOOA,187
Men I Trust ,cckL4mfOC0E,359
Roosevelt ,8JOj2qlGLeM,68
Bob Moses ,Smf6s0U-iW8,56
Jungle ,hrZduVyfoEs,34
L'Impératrice ,gYyO5LokMKw,107
Michael Kiwanuka ,M6FPIPE5v-0,25
Tame Impala ,ucrhTx1hGJQ,83
Masego ,qQiqweTbrHs,9
Giorgio Moroder ,mpW3C_k0WMY,1
The Strokes ,826mxiKjoP0,158
The Weeknd ,J7p4bzqLvCw,24
Daft Punk ,Jb6gcoR266U,32
Vansire ,LHsVtH0CS7I,79
Monsune ,j7CRINnxHAc,34
Parcels ,JYHH0ogYN8M,144
Far Caspian ,CnkFFbLp2xk,199
Hot Chip ,ktiTkKDQn94,9
Low Hum ,Ft8lBPRqU6o,87
Crumb ,xKmqwrQFlpA,37
French 79 ,yarFH8myBvo,18
maye ,MphYLC_w2ug,18
Unknown Mortal Orchestra ,KT06acweumY,18
Kavinsky ,jJ3q6EW4-8w,55
Modjo ,MR3uP7IYz44,5
Jakob ,fQUjb5XtpL8,40
Peach Pit ,UWnPtAlNwJE,211
Her's ,0nCYgT-rVSo,135
Molly Burch ,auzwK7rL3JA,11
Good Morning ,E7nB7-rSlW0,10
Mellow Fellow ,aX-wZdRYlWE,82
No Vacation ,3wy_QjOFJl4,33
Gus Dapperton ,avU4dEmb12k,11
Swim Mountain ,RRSQ_pkzftQ,3
Strawberry Guy ,JpRhT3v8U64,11
Sports ,0BmnbBWwxlw,6
Juliette & The Licks ,7fKlAJUKduk,28
Meltt ,eDqGfwcDG-o,83
Mild Orange ,HfmrN4a6gw4,29
TENDER ,94IGLnoyNU4,31
SYML ,YHxiqCHqz0A,8
Nothing but Thieves ,b0MUD0FDcqI,152
tameimpalaVEVO,wycjnCCgUes,35
TheBottlemenVEVO,Va75GaPv5jY,25
TheNeighbourhoodVEVO,vKH-rcO6PA8,81
Official Arctic Monkeys,1wznj4lD1Bs,90
ArcticMonkeysVEVO,H8tLS_NOWLs,47
Arctic Monkeys ,VsxlqmSDmBU,163
Ed Banger Records,6okxuiiHx2w,1
Phoebe Bridgers ,sDsdLfvmNms,201
The Japanese House ,NwnZyZ82UEs,39
The Neighbourhood ,Ao81ziiXHhs,30
SG Lewis ,gG2RTa7Sybg,22
"Luna, Luna ",Lpi5TmRaNcY,1
Ralph Castelli ,rzKfNvqQKsQ,19
Michael Seyer ,NY_UFLqb324,54
Brahny ,TLRoz3Qmbwc,27
Sufjan Stevens ,tNlo9bZ3YKc,403
St. Vincent ,uVo_xKDFUZ0,1
Summer Salt ,Mfb1wGfn3Zs,92
VARSITY ,2C9Z5zO4g6c,9
Mazzy Star ,avv2IIdDnnk,24
Angelo De Augustine ,S2yquBZWHsY,1
Lord Huron ,esMMHzePMVk,5
Thad Kopec ,_ETgbWB93cQ,1
Patrick Watson ,c5ORy8jyDpc,6
Hozier ,uPxvvmlkNHw,61
Johnny Goth ,DGRS1UxAfT4,2
girl in red ,4DyV0hWOdQw,19
Beach House ,zE5_F6Y7UTo,65
Novo Amor ,_xa0DWmJn0A,4
Did Virgo & Amevicious ,2EXld0OlF4g,1
Feathers ,_ACtdwTQKNs,23
James Blake ,LGPNEsr0MtI,2
Tangerine Dream ,UkwGdn3CgcE,3
Miami Horror ,lIzETcoGHgE,27
Iron & Wine ,jXBHPBEPblU,2
Current Joys ,-ETAWC8pKww,15
Yellow Days ,7OopD1mdbL8,45
Cigarettes After Sex ,In9V-SFAldA,133
Dreamgirl ,kQoOASpMLWk,10
The Paper Kites ,_fw-mLMpVt0,3
Bedroom ,S1KNYqEpI2w,28
Skinshape ,mCgorrefSDA,50
Cemeteries ,IltQHVT7qZk,43
Oh Wonder ,rrJtqh80rTQ,9
Lana Del Rey ,RB3Wjz_VzG4,34
Robin Schulz ,aczouaO5L_k,1
TheSecondSex ,qafSZZl0_tY,25
Foster the People ,rnO-MflYxCw,22
Breakbot ,3vVSBLkpO-8,4
Nite Jewel ,jiUgpdYcbjs,5
Neon Indian ,vLYj6soSgjk,13
Kauf ,kqWmSqwgvVU,5
The C90s ,T6_Bvdc_dFU,7
Dan Croll ,6Fna2ZMO9VA,3
Darlingside ,qMMWFNtKP9I,1
Snail Mail ,-kbtWBWCJaI,13
Axel Flóvent ,PEaG3DSL_gY,1
"Parks, Squares and Alleys ",UURm6TA_unI,21
Dayglow ,n-IwmbARwBo,31
Radical Face ,6uEqpOiDSg8,3
The Cinematic Orchestra ,OAYuMygPkbI,11
AURORA ,BRpS93I8_Jk,22
Favored Nation ,OyHddNCbBfY,6
Great Gable ,-JjRf93wKHA,10
Cashmere Cat ,5PAij_DsXrU,1
Age of Consent ,wKEs2Bo9GmY,28
HAERTS ,I-Mq4D8HHN0,2
Teeel ,U2vEf0_zKJk,1
Turu Anasi ,7ZWA0rSzUDU,1
Jai Paul ,3CgShbW8XS0,5
Black Strobe ,Sv03leLfGFM,16
Trevor Something ,rfWGRo5SnO4,1
LaFemmeVEVO,fQDEUU1lyZQ,11
ClioVEVO,YYDLPG-PnTU,10
ParadisVEVO,5H4ekRWiW6U,14
PommeOfficialVEVO,Vhr4FcFD6ko,17
French 79,yAv5pLO37mE,31
ClaireLaffutVEVO,tQ3HWIsZXPM,29
Alice et Moi,zGr0-pQX6JU,1
Clio,fxeiOe-X6g4,22
Maribou State ,8jiUb_r5IG0,2
Fake Laugh ,2KAzYYTH2EY,23
Feng Suave ,PEfaZalU7yE,33
Tom Misch ,knxVaNPAf9o,60
Brijean ,DZt4IWfmd9A,1
Callus ,Zj7A6kKg1E0,1
Mac DeMarco ,1_tjOgqG8Yc,13
Wallows ,1kwj_X1PVDU,17
Battle Tapes ,SD07Y1Yfmnk,2
Twin Shadow ,Kjwub6SayeE,5
A Beacon School ,jMjTOhqQ2Bs,31
Milky Chance ,MRj9jXeN4ZY,3
DaftPunkVEVO,JI5noh4OyXc,9
Hala ,rFi5aJQFuCg,2
Rone ,MBqXa7TtbGQ,1
The Chain Gang of 1974 ,tuhfkDfmIPk,16
Timecop1983 ,Jv4cXK5EHaE,18
Desire ,SoH0BWBmVZY,4
Still Corners ,dChqaYS7NUg,46
College ,X2NmCohQcHw,1
KavinskyVEVO,N70DRo8_WwA,35
Bekulah ,h04LjPjIFes,1
HEALTH ,Ny_HsSmiL9A,13
The Hics ,c50Mxr-AL40,1
Blonde Tongues ,uLyYQFsiPa8,2
WILLIS ,HpYdA-06jTc,1
Slaptop ,s1la-DebsyQ,1
That's Nice ,v1SSA9Qmy0Q,1
The Tony Castles ,jNzZIlVuuxY,4
Cavid Askerov ,r013JnVtync,1
Cut Copy ,VxKC8zluLCY,7
MØ ,rDgmXTkNYjc,2
You Drive ,r_3MA3P6qOM,2
PeachPitVEVO,DCi9I7ylt14,10
PEACH PIT,wI8fL77-0e0,62
Tahiti 80 ,VDwVNE04hkM,7
Poolside ,wjZH_8EmFvQ,36
Zero Cult ,Fh--fcq69vU,1
Harry Nathan ,zyyzR3xh4dE,2
Ariel Pink ,N3LluT6gj5o,1
Brett ,_HTkkVGIRWA,1
YACHT ,VOnlvbBOJac,2
Washed Out ,uFwEamjTJa4,2
STRFKR ,fbjjKelavgo,4
Leon Bridges ,-KIHsqNNZhY,3
The War On Drugs ,NVKbnXRXQog,28
Khruangbin ,3HdTbT_2Mn8,28
MollyBurchVEVO,DMxWz6sMvWE,1
Young Hunting ,HNd5HHTqwbE,3
Roland Faunte ,Gm6hT2Bc-mk,2
CASTLEBEAT ,c6B0SHIt4Lw,26
TV Girl ,_9XO2v2Q96Y,1
Kerala Dust ,RPYyVc9a3UE,2
Monolink ,P1FhVYM7rGM,1
LordeVEVO,wvsP_lzh2-8,51
Lorde ,Cuni8n0bwx0,87
The FADER,BBBxzmyeNdw,2
Tennisinc,Z6kNQEzQJpA,1
Hazel English,XgN_OFosKzY,85
Matador Records,-d91Qn8QUks,30
Soccer Mommy,K8-J8V8cwTU,15
TheJapaneseHouseVEVO,dEzYD4ZielY,131
SoccerMommyVEVO,7Phsup-LrII,29
FKJ ,oRS2p1GKqyU,12
Omar Apollo ,GCeAbNdOQHE,3
Mild Minds ,v2EOFs7S4aM,2
No Buses ,zpIPek5fV6k,1
boy pablo ,CmbHrIEu2gM,3
Parcels,pU6pdNNJM5M,28
Roy Blair ,3u9DdQ1TVo0,1
Doja Cat ,ui7M7j7caHA,3
Alice Merton ,N1rXoRwh_ig,1
Ben Howard ,Coj1Nb2DY_w,2
The Teskey Brothers ,nPwUokblaRo,1
TheWeekndVEVO,O1OTWCd40bc,54
MAJID JORDAN,X-vCNmpyVdI,1
CalvinHarrisVEVO,EgqUJOudrcM,23
GesaffelsteinVEVO,ZGDGdRIxvd0,8
PhantogramVEVO,a0ul-BghOAs,1
Mykey ,0NMwculmIGA,23
Alfie Templeman ,KcKpoKid1Bg,2
Billie Eilish ,b88dtuQoXBE,8
EnhancedWTCVideos,R889eSvuS-w,1
EveryoneYouKnowVEVO,ITg14gb3ofo,5
johnlegendVEVO,450p7goxZqg,1
DukeDumontVEVO,KDxJlW6cxRk,3
The Chain Gang Of 1974,rprf7LEraU4,25
Flume,8x-M7AkTvrQ,1
RecordMakers,46qo_V1zcOM,35
dodie ,gt3Fwn2aM20,358
Mitski ,GVZqDCG2VrA,1
Ashe ,6o9gIA72C88,3
King Princess ,BBBN6yUcef0,2
MIAW ,TK7h5XXrpEc,2
Easy Life ,7uD_3S9JteM,4
Josh Fudge ,tNr1pYUHvtc,2
Pitbull ,vFX5SHo_6Rs,1
Coldplay ,Q0TEUMPIhk8,6
Hembree ,HRnm0iig4F0,1
Grouplove ,v4vkihCniBk,1
Public ,7e-jX-Tnmxo,1
Noah Kahan ,JVGVl1OUpeU,1
Harry Styles ,vum2bUJwfkI,2
Joji ,5xwmensMDn0,5
Palace ,j4Wq42Hyxxo,24
Electric Guest ,f_KhSJvPT-g,46
MorMor ,qZuqmNzCths,10
Men I Trust,iVg30U6O764,640
Tom Misch,M1N_wbhAfQ4,130
Cage The Elephant ,w41e0aBkoZs,12
Small Black ,2Ed_8OkdXo8,1
Rex Orange County ,iiynitQi5js,2
Birdy ,WhVfPHxXZzk,22
Flight Facilities,r0bS-YnLf4s,16
blackclothesblackcat,NL3IOJhRQe4,1
Sofar Sounds,OndyizSdCEE,8
UMI ,2kL0FrUXFOI,1
Girl Ultra ,w8NmliXwOes,1
Bon Iver ,95FyXUHv8hk,13
Duran Duran ,5X5KweDhsaI,4
The Blaze ,9-u7vada4HU,28
Claire Laffut ,AjeE10OtHUk,4
Agar Agar ,xvDe_EIcOd4,83
Cults ,TlMgAsAmQKE,2
Eerie Summer ,IXWUFxV1zSY,1
Rhye ,cT_Q-psbmtY,13
Kacey Musgraves ,faDY3eK7dLk,26
Yuna Zarai ,jpHVSGQ2qAk,1
mxmtoon ,Vd0_jUiAY6E,24
Kindness ,Xxbvso48uvg,1
Rose Gray ,C7zEgPctNrM,1
Lanks ,C4J8NLrdUec,1
Videoclub ,V6wUpmmOhyg,1
Clio ,d2O11c9nNq0,22
Paradis ,2Hg3rNTVTRc,13
Bon Jovi ,p__81XMLRvA,3
Guns N' Roses ,y6lfK3bH4z8,6
Bee Gees ,jwikdkqYw6o,1
Sting ,dOjFcx3GJHg,1
George Michael ,2WNVNAOQWCE,8
Fleetwood Mac ,swJOIjjW69U,2
WaterTower Music,rbnlp8q3Rsk,276
M83,UjpbQ1OWMPE,45
Mute,66VnOdk6oto,1
Toto ,ZP69PLBqFUo,5
Pink Floyd ,x-xTttimcNk,40
KISS ,12fJAnaif34,3
Led Zeppelin ,iXQUu5Dti4g,5
R.E.M. ,Efa6BAWPm9o,21
The Eagles ,BciS5krYL80,6
M83 ,K8v_DaCcORQ,36
Fazerdaze ,OW9gXQ7PZdE,12
Twin Caverns ,0N0vEgqTduU,1
Willow ,h4OAXvDRZTY,2
Paul Cherry ,0WSRhgPZU2U,1
Wham! ,vDYw__at664,2
Billy Idol ,G_GxaoOJFTY,4
Eli Way ,mOJo1wH2ubc,1
Anna Straker ,PtNlbhex4qI,1
Alvvays ,m7BZmDRfaMM,28
Forever ,z13lDCnZ-qs,1
Cuco ,chCH2VjoJzc,1
Kali Uchis ,vgOTxZtlXys,1
Fitz and The Tantrums ,4d2I6SIs_bk,1
The Cranberries ,IGtOWGYp-LI,14
Madonna ,ilottRbDnGY,2
Philip Bailey ,88QVKw7SFJA,2
Sinead O'Connor ,1a2f-MwwEKY,4
Beabadoobee ,17tOKiX4BcU,3
Sir Chloe ,tFibsJYZSDs,7
Sub Pop,2m2Lr_HqCfg,14
Crumb The Band,nD3iG6m44g8,55
MorMor Music,9PvIIn6cc1M,8
Far Caspian,KUeWu3mDY4Q,7
Fazerdaze,szvFmW_oxeY,80
YellowDaysVEVO,ChIVsNgzaAo,1
Soccer Mommy ,_JfkLuAlXzI,22
Conan Gray ,PH1l79V-Umw,5
Foals ,-6Y9LFBCi48,76
Lo Moon ,KlUPBSG4H48,10
Willow Stephens ,q30QGdMr8tM,1
Radiohead ,DExBeFCx3mQ,9
HONNE ,2fSAEDfAGMA,6
Manchester Orchestra ,8KfwXac4ftI,4
Agnes Obel ,ZKEK5mVTOEo,37
The National ,q9OyPNPw0qc,3
Heartless Bastards ,gpmm8qQab6w,12
Hans Zimmer ,lKljYB6b-eo,219
Steve Jablonsky ,QdtmP9VOPAc,16
Henry Jackman ,ZR1JUPkB-Ps,41
Rupert Gregson-Williams ,JFDY-RFV_OM,2
Ludwig Göransson ,Xdcpxs7wh90,152
Ellie Goulding ,J-vpD8ZAc-4,2
Tom Odell ,H4buRu9-Wb4,2
Hollow Coves ,qQ0egPxPKSI,3
Keane ,G-kmfMmM-y0,2
Goo Goo Dolls ,sQxszQ9BsxM,2
Oasis ,rj5wZqReXQE,5
Neil Young ,HDzHhqWZMD0,1
Iggy Pop ,1r08Ca8fk5Y,2
Counting Crows ,x_dtKRzbCTU,1
Violent Femmes ,ImIESKQKKJo,1
Pixies ,49FB9hhoO6c,1
Creedence Clearwater Revival ,Xwy-3aI435o,1
Grant Lee Buffalo ,ogzsCDGp5lg,1
Chocolate Mtn. ,5E87Q0Kg1wg,1
Natalie Imbruglia ,rIGAt5yvfmw,1
Crowded House ,H7UMRkp7m80,1
The Rolling Stones ,170sceOWWXc,3
America ,mSZXWdKSQNM,2
Crash Test Dummies ,x5WhYUAOMDs,1
The Bangles ,jnfS7qzd6l8,1
Phil Collins ,Y-vj8V522OQ,2
Journey ,PIFUWHvSixw,2
Red Hot Chili Peppers ,ZICUilv4KF0,4
Bruce Springsteen ,SZ32qT7e1_M,1
Midnight Oil ,9t5OWixuUI8,1
Weddings Parties Anything ,s60Is0r2Rjk,1
The Pretenders ,xjnduGbq6r0,1
The Verve ,1WTATreAg08,1
Cyndi Lauper ,7wBgcalM4c4,1
Simon & Garfunkel ,_C2vqI9FVwg,1
LanaDelReyVEVO,eP4eqhWc7sI,103
CigarettesAfterSex,sElE_BfQ67s,91
The Macrobats ,UqK9lzaJzUo,4
AdeleVEVO,DeumyOzKqgI,7
Lana Del Rey,nVjsGKrE6E8,7
Kansas ,9fNrJMkTWEE,1
The Police ,Cdu3a2arXdw,3
BobbyMcFerrinVEVO,d-diB65scQU,1
The Cure ,wsxQcXIThjg,2
Kevin Morby ,JjXEXox3668,9
seankingstonVEVO,MrTz5xjmso4,1
Imagine Dragons ,9ssQKlLxBdQ,1
The Chainsmokers ,ufOCTVZDr7Y,1
Lukas Graham ,vTMAa6zZ7jY,1
BØRNS ,1T6r0OttdN0,4
TheLazylazyme,K4L49XCIPVM,21
z e d n y t,SZxoZHL_ukQ,1
CONLIN,t6Sx1uaFT38,24
Saxophones ,p8DXpSsbydQ,1
Moon Monsoon ,9y6sQZZIQNg,19
Profil de Face,0M3qd1yOUdY,1
Kid Francescoli,smlBG3wTvb0,20
Metronomy,sFrNsSnk8GM,2
L'Impératrice,jda_k6r9R1A,33
Cracki Records,b4tPqLLexSs,11
Khea Beats ,gAF9gi6lw1A,1
Tyler Bates ,_HFQArQNhho,1
Lorne Balfe ,82xvDwEvOxA,5
Black Math ,MtvJoQ4RDvQ,1
Tom Day ,ABckPFmPZTk,3
Sarah Schachner ,1W4bv_Yv98w,1
Apparat ,_7ctaqEFJoA,1
Lorn ,jtnpAkuYO2A,1
Ólafur Arnalds ,-M9PnC6uJVs,3
Jo Blankenburg ,m42121sIAFk,2
Marvin Matyka,DQ4r7HegRQw,2
Calum Dunsford,m-seRFY7-cw,1
Dermot Kennedy ,Cabjk542trs,208
Aly & AJ ,sSZgksGl0CA,10
Griff ,LtUiLvskKD0,1
Bruno Mars ,wGUKBXpfU1o,2
Noah Cyrus ,Ts_yIBOk7gQ,1
fun. ,f_K_0SNaRk0,1
Gotye ,xOazTYPrt64,1
Miley Cyrus ,iqXxfOnk-Z4,1
Rauf & Faik ,pGShat2_Ebk,1
Zedline ,P3AesBnbteA,2
Uppermost ,pwIFzhED0Lk,1
Com Truise ,7j7IJICT3Z0,1
The Midnight ,G7EPO9Rtyqw,10
Cannons ,zukaSaJ_zrs,3
Donbor ,hjcwGwYqsrM,2
SelloRekt / LA Dreams ,f30z2z73xrU,2
FM-84 ,Vmm-V0c68nE,2
Astral Throb ,GTLHEvoYMg8,1
Vyacheslav Anatolevich Koristov ,tN_buZLRmM4,1
Kalax ,C9W9d29qQqM,1
Kingswood ,nCdRs_hh8sc,1
Vaiteani ,XvYYxUyIX2I,1
Fleet Foxes ,dPLaDtvVdaU,5
Metronomy ,t9xEIz4gMDQ,47
Father John Misty ,FrP0rd0D3OE,1
Tessa Violet,oQyFFTh_YGc,12
Das Mörtal ,l9nDhGpVUbI,1
Daughter ,qyhlNNSOCeg,20
Flume ,RhYMKAIzyAc,2
Elvis Perkins ,0lNCHBzWDjw,1
Various Artists ,NdfWP-vREEs,6
Jonathan Bree ,Bt6A7IJtteI,1
SeafretVEVO,aqsL0QQaSP4,32
SonySoundtracksVEVO,4WTt69YO2VI,98
SeafretOfficial,3ou8PXfDhFI,1
Asthmatic Kitty Records,JTeKpWp8Psw,135
Dayglow,hh1WeQxfCX0,4
cityofthesun,DdaqFwuaY0g,2
Charli XCX ,kiMCMYKbFuM,1
The Wallflowers ,yjbzUEJONNU,2
Ratatat ,8y8pDfdrEzU,1
Futurecop! ,71bkRlzIVf4,1
Bahamas ,wNcz5AagtaU,6
New Mind,y4mUMZ5SPFE,1
Chris Isaak ,oadhHk2xs6c,1
Winter Aid ,o-BbeLmOAYE,1
Sugar Plant ,sXaP6mzUlXA,1
bonjr ,dm87PN-fTlg,1
BillieEilishVEVO,EgBJmlPo8Xw,26
King Princess,LNxWTS25Tbk,36
Pavo Pavo ,4km3mjvFJrs,1
Lord Huron,wGF7PswOENQ,10
BBC Radio 1,fZB-ptAnoQc,8
The Marías,3moMHMhiq7c,112
Puma Blue,OeCS-DZsgKM,1
Heist or Hit,ZoYOJ_2F5Jg,6
The Kooks ,sdJACpq7jnk,6
The Diogenes Club ,iy3A6z_4ZEo,23
Majical Cloudz ,EsDPEaUVtzc,1
Benjamin Francis Leftwich ,-T9rfhQSkRo,1
Ex:Re ,JO_3q_gAUbc,1
jubert,KqyzRp378DI,1
The Lighthouse And The Whaler ,pjpZnvnveeE,2
Royal Blood ,QZ8fVptnWIY,2
Des Rocs ,mHN0_cYUibE,1
Circa Waves ,4nvog47oSeA,3
The Kents ,zdzHtchc7n0,1
Mansionair ,c9WJFdwh5Qg,3
The Lumineers ,BG05dUhFeKM,2
Her's,8gnSgWRCV1A,1
LOW HUM,JRLFr6THaTI,31
Goth Babe ,t5T6xaW4UcM,3
Sampson ,EDRtt95Od2M,1
Car Seat Headrest ,RnMq7kX_bmU,6
PhoebeBridgersVEVO,Tw0zYd0eIlk,68
Phoebe Bridgers,1u8rIx65QgA,33
Labrinth,03nR6eWanXs,1
Italians Do It Better Music,pfjDNCQQaFU,1
The xx,yoj2I6ZJLx8,2
SiaVEVO,KWZGAExj-es,20
Hildur Guðnadóttir ,8xxl0_qW9kk,8
slenderbodies ,NNuupI2xtf4,3
Sevdaliza ,ZuSLeUvAZEo,1
Chet Faker ,LnhhinlkZt8,7
Yellow House ,f7MMNHRWoJU,1
Zola Blood ,OxLnVN7mW6Q,2
Phoria ,LVibt_WcF6Q,2
Abi Ocia ,6Wsv7rE4Jdc,1
Zack Hemsey ,pQGPEEKRrUI,6
thestrokesVEVO,2KSpDNlsVF4,6
BLOW ,p0epqR6lTEI,1
Ice Cream Boy ,s39yd4jrYZ4,1
Youth Lagoon ,XCnuLttRKaU,1
Haley Reinhart ,5utgkpWjSGA,1
ZaynVEVO,tt2k8PGm-TI,5
TenderVEVO,iPdJM_7CgU8,2
Flower Face ,wuyHXD8qaB0,4
NewDad ,9fhuY4UEYpE,1
Childish Gambino ,H_HkRMOwwGo,4
Atlas Genius ,Ldnh1HLrlJQ,1
Teenanger ,X41U6T4FBeU,9
Vacations ,v_IhB3VkJdA,2
Balthazar ,wo0Urr7hr0Q,46
Isaac Delusion ,YBrirDz0Ww8,30
Furns ,J5vuoAfkk98,31
Gloria Laing ,ZeHwynUVxBw,5
Peter Bjorn and John ,tUsH87zLvAg,1
Weezer ,beX-9wW5rL0,1
Arcade Fire ,D1r9_zdygpw,1
Chelou ,7zTdyrrKKzo,4
Boy & Bear ,lhdCvat2E6E,1
The Temper Trap ,wmFTYyBM2-I,1
Dope Lemon ,n5FLvnK0kBk,1
The Lumineers,UJWk_KNbDHo,8
Otemma ,Hw86w3atcP4,1
Local Natives ,4BQ8_gYIY8s,17
Flora Cash ,Vey3A4FMc_4,1
Fake Laugh,Spf8aiEs7-E,1
LeonBrattMusic,vsEIvc1LkpI,1
Poolside,suWbFPaVoEA,1
Julien Baker ,hZlR6DjehDc,76
Vance Joy ,MsTWpbR_TVE,9
Christina Perri ,TA1W-pHNKl8,1
Lisa Mitchell ,er6aYDNEI0k,3
Sharon Van Etten ,ao7vn5dTfDU,5
Slow Hands ,wRsifVOjiQw,6
Angel Olsen ,HJS8sJFDSOg,5
Tennis ,do0vqmZBOnQ,4
Hazel English ,3gzG5pwHYGE,3
Warhaus ,H7v8agN4m0Q,2
Holy Hive ,I5ayoRi1Lpg,2
NPR Music,wp7qctyVU2s,8
The Virginia Valley ,609Jlr3lv9Q,10
Kid Francescoli ,_ytL_BwtrY4,27
Bad Bad Hats ,UwUo119m1cg,1
Old Sea Brigade ,URzutay8DeQ,1
Orla Gartland ,nhcDv6v6BjU,10
Yumi Zouma ,TlX_GL68RQw,8
Hatchie ,_brxedWxqCo,1
José González ,XOA8ooyxKJA,1
T. Evann ,o2yOkbfTLkI,1
alt-J ,rGiirjRjrdk,2
Amason ,_8zhyvo-c0E,5
Massive Attack ,5taWjLgI8w0,2
Albert Ryan ,xwhY42MYdL0,2
Papooz ,Xn6E6GxU0vU,29
The Irons ,ZxUwBFGeIWM,1
CLAVVS ,EEMn_Dfj1PY,5
Beach Fossils ,noV5ERlN-_Q,2
3v3v3 ,94sS89PqbLE,2
Satchy ,EwhDrgww_Q8,5
Sasha & The Valentines ,elxoPXkDGC0,1
Nadia Reid ,XZycPvPBqqc,1
Methyl Ethel ,sVat0IiEjbw,1
Poni Hoax ,0lNP2e0Sm9A,1
Daffodils ,ZZavTyqNbUQ,1
Taylor Swift ,ooK9GNSt1b8,1
Ameliarose ,qGVs1eZo1o8,1
Fredrika Stahl ,ApfujQpchr0,1
Slow Pulp ,Dj77u3n0w5U,1
Dntel ,jQtRyCmoK5w,1
iamAURORAVEVO,SYKU7DfEJT4,137
Morcheeba ,YHxtuwyC_Xk,1
Wildlight ,ZwViC8_Iluc,1
Flunk ,9Zvz6fgVFtM,1
OhWonderMusicVEVO,zLAhRiUeJ8E,36
mia grace music,KSIHyLS1giI,2
Lianne La Havas ,7vVpe8qFWPA,1
Sleepsk8 ,CmGRmi7geY0,1
Eric Ryan ,hVbZegPuRoU,1
Røze ,mkYIKhV8PQ8,5
MOSSS ,UP_U-h_6eUY,3
Moderat ,6Ha30N8sVJE,1
The Dø ,je_t9LDXjps,4
Deb Talan ,LdtLtgWmrYU,1
Mirah ,MzrPOHHbkQY,1
Meiko ,pt6kaC4NhUA,1
Kommode ,OKXKWDvHSQM,7
Doe Paoro ,k7jRbGUSjJs,1
Blackbird Blackbird ,GsYv-gcReCM,1
Suzanne Vega ,7rj9WFmBJVo,1
Hayley Kiyoko ,_NrYVcog5YQ,1
ConfidenceManVEVO,XQGwjhDANVA,25
Macy Gray ,IOQYpLjL13w,1
Night Tapes ,t3T9kdNeUSE,3
Borneland & Falcon Punch ,x7wyAQcMV6M,1
Jaguar Sun ,OVUXpaEDTv8,3
Münechild ,paEL56RnMxc,4
sir Was ,YqsbeMx_YKE,1
Low & Behold ,oi0UlkbS6GE,1
Zimmer ,mdoWKea1ctY,2
Emi Choi ,X54J-L01VdA,1
Goldfrapp ,zqabmoUbbNA,1
Aldous Harding ,Ws3XVUlKXQ4,1
Tessa Violet ,oSSZA8Kje3s,4
Time Records,YnopHCL1Jk8,1
Djo ,g4etzBUeUT8,1
Nice Guys,1hrUaOrIQR4,10
Johnny Balik ,zfTzIoAqjis,4
GrimesVEVO,JtH68PJIQLE,9
HAIM ,Vv8UGTRor7I,6
Hubbabubbaklubb ,UHxsG5ijQrU,3
Nankoo ,gEuxQWqAlNs,1
Wye Oak ,gSQtPVqoclg,1
Sinkane ,33YQKOOTZMQ,3
Husbands ,-8GGJc3Bee4,1
Puma Blue ,_Jh54sLPCmg,4
The Weeknd,ygTZZpVkmKg,23
TravisScottVEVO,iYKXdt0LRs8,4
Carlo Whale ,Zb_rR7wj2AM,1
Surfaces ,rmEfDzI77lU,31
Zola Courtney ,jmrytaLGw5w,5
Green Light Music,gahMcYZqJXU,1
Pale Waves ,_IECC_g1Vsc,30
CHVRCHES ,opcBX0YcneY,12
Sigrid ,lkOzHXGv6AE,1
Two Door Cinema Club ,NZ_ThvmdQ9s,5
Clean Bandit ,dHdMAdh4Xgc,1
Ladyhawke ,1V9q5UpcFsE,1
The Killers ,DOfiCemXPEs,9
Benedict ,IlXJTUSzk30,1
Hellsongs ,Uy1i3UoxeYg,4
Florence + the Machine ,DJu-m6piK4s,11
Maggie Rogers ,MerfzFYkx2o,2
Foley ,sRMxHMeU9Zk,1
Francis and the Lights ,l0A4A17l5dQ,1
Fickle Friends ,hnu8ON1tYrQ,1
HaimVEVO,AIjVpRAXK18,8
Birdy,m8AXUq5uA0Y,85
KTEE ,wAOrGjwgTIQ,1
Mark Ronson ,w1vrrNUiN9c,1
Hawai ,0ySSL-NnwzU,1
The Nice Nice ,SNVIYjKGhNE,2
Neanticønes ,G3b69BbmIY8,2
Interpol ,ykYMLQqD2kY,6
King Gizzard & the Lizard Wizard ,oXZiq00i5vA,7
Of Monsters And Men ,gSdjztTxYgk,5
dodieVEVO,8rhb5wTCero,115
PAPOOZ,R0q4U668L3E,3
TOPS ,dCZ42u4tAtk,2
Lovepoint ,Qnj4XXqLHL4,1
STVN ,_drQKCOErG8,1
Joshua Benjamin ,8ezRj4dvs2g,1
The Millennial Club ,CvBJkTyVokw,1
LEISURE ,plUXpMKDt5s,4
Meego ,X1bqvjlpSzo,1
Grapell ,-MhoZeFwLCg,1
Client Liaison ,3JhTDBwS0YA,1
Pollyn ,Y2XaPyVNHJA,1
Rotkraft ,WdekynqsdYo,1
Amber Run ,0bSaXVaPmds,1
LIZ B ,CO2U-r_4_6I,1
Yung Heazy ,BNBZErdpu1g,3
Alice et Moi ,T6Qg6NRDQcQ,2
Samm Henshaw ,ygHAds8kN1s,3
POWERS ,Vl3sZ8amP-A,2
Deep Sea Arcade ,QEeaRNI9Yxg,2
ViVii ,xvWR-u4ofUc,1
Motorama ,oSu2KckJXO4,1
Zimmer90 ,Nn6CqJu8dBM,1
Franz Ferdinand ,fJDJTERl6Ek,2
MIKNNA ,VxUYdAIsp8s,1
53 Thieves ,-A0NpnBLuJI,1
Pional ,2cdKnY36nXw,4
Lost Boy ,CzgmfxXl3UU,1
BLUEY GREEN ,fl-tvuc-NyI,1
Gorillaz ,OXA87sokMLs,2
"Albert Hammond, Jr. ",9pCrMCUN9l4,1
Coolhand Jax ,yqPLn6FUep0,1
Pilgrim ,qOZfBvDYL5E,1
Milmine ,pfIpLkrGyp4,1
Dreamin' Wild ,JVcZxV4-Fm8,1
Luna Lake ,6t1qsJycB3o,1
Bane's World ,N41-L2MGO-s,1
Winterbourne ,ueDCK_sQg58,1
The Vaccines ,Ma4ieJmiQ64,1
F-POS ,BZGmIzI0hrI,1
Real Estate ,nhXaR64kHmc,1
Ian Luxton ,pS94wn9qqqc,1
Kazy Lambist ,eo-OsYl0xwM,4
Modern Nomad ,-PrHTl0dBrg,14
Mel Blue ,G1BYfpElGSE,1
Gigamesh ,sg2EFuDvyqM,1
Veiila ,XpJCJk8lPFA,4
Karp ,bC8NYbf9PDw,1
Swardy ,Zd7DNYAmbns,4
Satin Jackets ,eHUN2QCqeEA,1
Shane Tyler ,YsTrJVOJ3Kg,1
Lisa Hannigan ,ldw0HuMDvoM,2
Benedikt ,njEGZ_Z07qE,1
Faux Real ,5goJOaj559g,2
Meg Hutchinson ,2aPnNuGlNn8,1
Gareth Fernandez ,apCKWJi6mvc,1
Teddy Hyde ,A91l-VmPHNM,1
36 Questions ,vRTT1ulHOB0,1
Anthony Amorim ,YV5H4CtJwnA,1
Panopticon ,bHFq8IZjac0,1
Holy Ghost! ,S2V8TQnkC50,3
Dave Depper ,t0qZWlU_fJM,1
Julian Casablancas ,JMZaVnM34pU,2
BAYNK ,Didz9JZ0NoI,1
Mazde ,_1GSBI_jx6U,1
The Avener ,AvolsjMop-E,1
Howling ,vyi06PrfPNk,1
Twenty One Pilots ,w1Smzzw_w7Q,1
Disclosure ,Q3_vX-I16I0,2
SAFIA ,jhmyj_P1jBU,2
Tanlines ,xG8Im9BPW7s,2
Robert Robert ,t5hLGL-dc30,4
Hypnolove ,7v6TGZjikys,2
The Last Shadow Puppets ,ryHSt7B5x5w,5
Tipling Rock ,7wOcT-4tfGQ,9
NO BUSES BAND,xtn_SmyT87s,2
Cyclist ,6yel2BYTVhY,3
Kim Taylor ,41JV34t8gOM,1
Addison Grace ,UUqCJV0CKkQ,1
Kate Oliver ,qdBYfNNW0TY,1
Claud,aOLEVib6rjw,1
Florist ,ODsVJaM5PSc,1
Pomplamoose ,7JYA9QrS5X4,2
Audrey Mika ,nYDL5opQJic,10
Matt Maltese ,u8zmds9aZiE,2
PREP ,xh84yHc_slI,4
La Femme ,VMPj3tMkE3s,2
Paul McCartney ,4HQEzS8_yvE,1
Dominic Fike ,Vsy-b_RzRqU,10
Dominic Fike,LFXPG2ICn5E,1
Jesper Ryom ,uevM5Z8Oiqg,3
Ana Zimmer ,lP42FWWWQBE,1
Otzeki ,ZiTJqKWMQL4,2
HVOB ,s3hUnCVKg-A,4
Weval ,r4tJdmves4Q,1
Anna Of The North ,jXqjge7gLaE,3
Ashes To Amber ,kbRJA5QXVsk,1
Maximo Park ,rqLCM0QX80Y,1
The Voidz ,H813k8IRzmI,2
Marlon Hoffstadt ,WOp73_ijids,2
Inüit ,XbE5Pmx4q78,1
Jozif ,gAUbssJ4pa8,1
Leo Islo ,-rXjERv276M,1
Matilda Mann ,_YEmIeAVwLU,1
Leanna Firestone ,sYfdpQW8sUw,1
Kate Miller-Heidke ,orTQE_Cugs8,1
J. Bernardt ,QnJMj_lovno,1
Electric Youth ,0BGZ-nLnP-0,3
Nouvelle Vague ,pRWXeW6o-E4,1
The Tiny Majority,RmDBSYR585g,2
doddleoddle,FfVIMfSGBhw,45
Dillon ,37sWt2PQ-aw,1
MGMT ,w1nGMgaukcE,2
Coastals ,laIDhngAs1U,1
The Drums ,w6EswJkZrvA,2
Surf Curse ,9u1MQIDBWIY,3
Generationals ,1lWvaL1s9r4,2
HÆLOS ,5ShwRqTY2OI,1
Oscar and the Wolf ,L1x_4_trNSI,1
Chi Runner ,GfSxwkBW6nk,1
Jaguar Jaguar ,02amPoOWkUE,1
SALES ,zP-l262lOVY,1
Jack Stauber ,e2qG5uwDCW4,3
Affer ,s6Yb899cpgI,5
The Raconteurs ,-UjyXlQ3Ezk,1
The Frights ,63G34-AWi0g,2
Lemon Sun ,kF-ip4Pc2ME,1
Children Collide ,_0yC7-8QfX8,1
the Criticals ,TIHl2GxGscI,1
The Stills ,BHdVtB0wf5E,1
Still Woozy ,UBf-r7PcEOY,8
Alex Turner ,TKvzHBdcAdM,1
Christian Löffler ,BkpxIUlqU_0,2
DJ Poolboi ,wBEkz9QKjLc,1
Ruel ,iKvMjR7BKX4,8
La Felix ,Q32-b3HKOj8,1
Madelyn Grant ,8IgRtNgqaUY,1
Kita Alexander ,-bme-buvh0s,1
Will Joseph Cook ,kqSndy1kdn8,1
DUCKWRTH ,WKx6WMf72j0,1
Gianni And Kyle ,KufGAbzsjdE,1
Majesty ,Qb9Ml3Nf61o,1
Elephanz ,_GdHiMi_Kis,1
Kleerup ,HKH6b0cKIY4,1
Dede ,5sP7NMXvcoQ,3
Porches. ,1OhLg_X8uxw,2
Skegss ,z0Q3bU81Z2w,1
Rubblebucket ,HSCPUDqrJZ4,2
Juno Francis ,7tZy6zrdNJA,3
The Growlers ,3-IbRWL6eJI,3
Babe Rainbow ,0Gaif9ztChs,5
Quinn XCII ,8neCjSjIzbs,6
Augustine ,5PkMrCYi_Fo,1
Jerry Spoon ,Sxx30XiJIgI,3
Overjoy ,3hfrdStjT5o,1
CAPYAC ,HlZadDlnflc,1
Rosa Ama ,58ABljKFbOE,1
Work Drugs ,8MJnqqTaW4E,1
Mac Miller ,G-CGQ-hdbLA,1
Laumė ,B5Ishdx-7Ss,2
Indiana ,JstbmFFV3yI,1
Cézaire ,b4E1Ew4DBcA,1
Myd ,Ly7tfX15k0A,1
Flight Facilities ,xjj_OVvVQFc,8
Gengahr ,Pi2_cu49aTg,2
Tone Ranger ,g3JyWpIeWnQ,1
Sweater Beats ,WXZ_-P9qJqI,1
Le SuperHomard ,bkezrhA2BcE,1
Glass Animals ,i-RQSnRrP9M,1
San Cisco ,t1O5-dxc3CI,2
Feiertag ,PbDnvhxk7iI,1
Ceno da don ,XvSGnmKs3JQ,1
Harris Jayaraj ,o7AH56aE-W8,1
Laila ,qkW7DRluUmY,1
Locussolus ,K4yUSI4gJ-Q,2
Alle Farben ,Yv6dI7cMIxc,2
Wyatt Roberts ,D7T2eLltRkg,1
Matt Hylom ,zpgo9vyrhE4,1
JXN ,LAC6HNSdwDs,1
ionnalee ,6rjLwrKX808,1
Becca ,jJ7mo1b2Uq0,3
FKL ,2H4p8DFtluE,2
Audiomachine,w5fSuEdhU-0,1
Timecop1983,_Ci0Kgdpgsw,20
Paperdeer ,CLS1ujrMVGc,2
Vimes ,sX3ArGBqzks,1
Homeless ,ee2ZXPPGEno,2
Mullally ,Ris6rVpjKhs,1
Emotional Oranges ,b3jInWRaEZE,4
Anabel Englund ,qLZ1SbZdm-U,2
Sophia Fitch ,idcK8JUKE5Y,1
Chromatics ,tFFEY06Sd5I,2
AISHA BADRU ,JdNovTxeu9E,1
Joy Crookes ,dGWm5pntNGc,1
Foals,h8xZje1jbI0,211
Simon Servida ,X_HMZt4T558,1
Healy ,8pXVzAUzblA,1
INNR CIRCLE ,-paxrXBi7jE,1
Rebeka ,RIoDMNdDE-Y,2
Hot Hot Heat ,IxGIZ2vcGdk,1
The Cribs ,PWDAovtQmfg,1
Cassia ,aUJmSWb4a8Q,1
The Fauves ,iOK_IgA2mDI,1
Baltic Fleet ,_L8ts7SmwHE,1
Sam Wills ,pcx3eRQeObY,2
Cody Lovaas ,VEjoRPrlveA,2
Emma Louise ,EA1-5AizBnE,1
Telepopmusik ,4iWLhOjrbnw,1
Wet Bandits ,affqrqanNmw,1
ISLAND ,dEfgGTar8SI,2
Lion Sphere ,p3BbmOpcQTc,1
DIIV ,HdemOVIXuAI,1
peach tinted ,aU6g9GFYdjg,5
Small Forward ,310NpUAMtEE,1
Morgsch ,fAik047UxgI,1
Color Computer ,PuCqOJi2wDk,3
Nocturnal Tapes ,_oCJ_aKhAHQ,2
Austra ,hrGBCFYVWGA,1
Nu ,kTiZJQwAxDQ,1
Lewis OfMan ,DLkC-Bs7Lqo,3
Elder Island ,gWT3CQ8Qaa0,1
Ofrin ,SFqCnHo8hJY,1
You Man ,DfblKsP65mY,3
Polo & Pan ,kgtioJuP9E0,8
Sam Dian ,Hf-b5CtiX5Q,1
Ryan Neal ,HeRZ_f2K4yY,1
Hannah Pangilinan ,P43W-vwdzc0,1
MAX ,ifLQnfpYEGw,1
Stef Aranas & Euge ,PdvMgRHZMjg,1
Lowly ,V5-AT8moQos,1
Sports Day ,gjQB0BITM8A,1
Vennart ,aYj_CCuFLng,1
Klangstof ,Q_un22RdxrU,3
Barbarossa ,ky6sWL48v3o,1
Be Svendsen ,xdszrWkfac4,1
Askjell ,TvHBbk0dZT8,1
Seafret ,oKYp4zor1zw,1
By Polar ,7QcqNtdXnms,1
Kalandra ,oqPdT-FQLNE,1
AMES ,fg1A39lS7PI,1
Claire Rosinkranz ,C3SWhM0Cnc4,1
NVTHVN & Ok2222 ,tWEwGS4KBy0,8
JAWNY ,LhrvlcjM_xA,1
spring gang ,uybXEeLzm-M,1
James Reid ,g_-vP0Qul8g,1
Clubhouse ,ucv5530F7fg,1
Blu DeTiger ,NF_fHst2hJc,1
Monica Riskey ,CxPIur4Qizw,1
Oceanvs Orientalis ,HbUEgINXNow,2
Sub Urban ,8_Cw99SiHvc,1
LSD ,bYh3g_fSbJc,1
The Walters ,8k2FThlauWY,1
Klyne ,-bZIxRCpzYI,1
Stonefox ,Mc6LtH8x104,2
Shura ,BYKb2Zz9l6I,1
Funky Panda™,f4Ik3z9YoRc,1
Future Classic,22xdL8ZCVWk,12
BENEE,ubE_ac2wYPQ,2
Joji,HLetFEpgPgY,1
Claire Cottrill,L9l8zCOwEII,149
Calvin Harris ,XWCPbRsMb0Q,4
MEERA ,_cq4gBbExsg,1
MAGIC! ,3WzamI8QD2s,1
WizTheMc ,02YQjw7edLo,1
Buvette ,_To0LU3Z2lk,1
Tash Sultana,F0ddL6VaAVs,4
Petit Biscuit,D-3x7N2sKDE,1
The Roosevelts ,n9epyv_Fe5U,3
Max Jury ,tle1j6uo8_w,3
Max Jury,Ufmb7AL5aNE,1
Brassica ,4ALmmHi3VZI,2
Verzache ,y2VdXkgvllk,1
khai dreams ,15PA1cUB6g8,1
Young Gun Silver Fox ,_dAMFjKmTWg,2
Sunset Rollercoaster ,kR2v-aY7B3M,1
Sure Sure ,S46VRthG3UM,2
Cavetown ,LFJrdFyk5gs,9
Ben Platt ,X1JpwegsMAM,3
The Oh Hellos ,BeGU_em4wgQ,10
Chelsea Cutler ,BpKvpZsDhWQ,1
Peach Tree Rascals ,NfDbXnXB8gI,2
Jeff Bernat ,a78mfFQKR_c,1
Ayokay ,JFvE28wRpls,1
Michael Shynes ,XMhdnFX7L7k,4
92914 ,uHUpuON1y08,2
RINI ,vraZrWRjmZQ,1
Maroon 5 ,42K4KhAwMq4,1
LANY ,Mk-XlXe40FM,2
M.M.M ,mkeFkyvwCq0,1
Hannah Georgas ,RxtzfB9pl50,1
Ant Saunders ,yz7yU3f8Qt8,1
BeneeMusicVEVO,tVUp_1RRHTY,2
Camel Power Club ,2INDAVRMo6k,1
Sophie Hunger ,N0Yg3cznSlA,1
Her ,dpeAtRM2eHc,2
Sans Soucis ,XtYDozMEQqw,1
Sailor & I ,qyZcd4iJBxU,1
Ānemi ,3KURKiN6xx8,1
Moss Kena ,o2o7sd-pr2A,1
Post Malone ,r7Rn4ryE_w8,1
Khalid ,rbhHxJw0xIQ,1
Molly Moore ,2uC48YLLp6o,1
Mahalia ,bF8gGBJ_cS4,1
Paraiso ,m12CVTQkEYs,1
Young Guv ,sPRNxk2db-w,2
Broken Bells ,RvcXCe2cml8,2
AgarAgarVEVO,1a53IkJv4Go,1
Pastel ,-2Tvz5A6kJ0,1
Artone & Mey ,OuKi7baYowI,1
Darkside ,7_NRr5UeFHI,1
Muddy Monk ,bhsu0MaNyLw,1
The Action Design ,v5V2WSU3TeU,1
Sam Wave ,k1JDljq6QQc,1
L.M. Styles ,1YzNotdztm8,2
Dappled Cities ,MsTSdmDcUb4,2
Vetiver ,cw8dmP53iBs,1
Jake Shears ,0v9-sAxhGVU,1
Big Love and Little Hollywood ,Dt-Q6imqyUc,1
Red Shahan ,iFOq5ghYDPE,1
The Garages ,YFDZVbmWbXM,1
Preston Lovinggood ,hqS77Yzc8kY,1
The Backseat Lovers ,oTwVce9eWb4,1
Reptaliens ,gQC72YbwehQ,2
The Zolas ,2R58Nwc0vyU,1
Jukebox The Ghost ,ct_8ozOsLcY,1
The Happy Fits ,2I4F89sCFtQ,1
Zuma Dionys ,znU0duDFZCw,1
Mura Masa ,OqnvKYVGrW0,3
shakiraVEVO,pRpeEdMmmQ0,1
Dotan ,S075OvjMMlA,1
Guillemots ,FLQJcYpZKEg,1
Donny Benet ,Bb_azfTjZnQ,2
Alex Lucas ,jAo79wPjzzM,1
WOWH ,dCvqENzaQIE,1
Garden City Movement ,nIp2aIUFsSA,2
Dazy Park ,_196pcw2dWc,1
the booyah! kids ,yDhwgW_L-7M,1
APRILE ,xa15OaOJm-I,6
Labyrinth Ear ,mtU3KFbmWic,1
Empire of The Sun ,r02mYOlfcCw,1
Deaton Chris Anthony ,xv6H27WsK1A,1
Kendrick Lamar ,JXznzqIFH5A,10
A$AP Ferg ,Ttuwei73b8s,2
Travis Scott ,MQCTWx9fSzc,11
Bear Hands ,o7Jp2EotvV4,6
Mk.Gee ,pqYALOJyXTs,1
City Park ,evY_FAMCuV4,1
Indigo Waves ,G3UYaPKc4GY,1
Death Cab for Cutie ,hMCtTyPANr4,11
Guster ,rLoRTD9LZ-E,3
Cones ,S9RHoXB5kiY,4
Phoenix ,fJALBK5YD3c,1
Ramin Djawadi ,sdWQrDfV18A,33
Silversun Pickups ,pVCOXuMS6uA,2
Josh Garrels ,_yP2Gqkw1rA,4
Klaus Johann Grobe ,c9m75Wn5Q7g,1
Glue Trip ,6nso3GSVGMA,2
Boy Azooga ,9yEqg0D7LpY,1
Shungudzo ,XYd4deL4j_Y,1
Ten Fé ,7kfljobVY0U,1
Dan Edmonds ,NPsOehrEvls,1
Baseball Game ,l_WctwpvfD8,1
Blue Canopy ,fqP0vyaUdU4,1
TOLEDO ,blLG8Mha9Xg,1
daste. ,QTxW2tR4Cuo,1
Metric ,HZTUXLvC_bU,3
Matt Mays ,BowrqOiPQIY,2
Stereophonics ,qxbvFILLlWo,5
Leagues ,hnUhD0oqS9U,5
Mumford & Sons ,4-P9OEAwm3M,2
Audiomachine ,29BtNd5ly48,2
Goldensuns ,pXH4_faaIvI,1
Flamingo Pier ,VlHHbuCLib8,1
Zero 7 ,_dchwz8WLH4,1
Coma ,LiGqXIqDfIo,1
Belle & Sebastian ,JldKOD9Sx4A,1
Loneborn ,nGDGNXS7A44,1
Josh Rouse ,yxN-u8bSQZ8,1
Destroyer ,gvp2djShtXI,1
The Orb ,71u6SeGu-Yo,1
Aine ,eq6IMUD4WXg,1
Deerhunter ,XB7-XVibmbM,9
Twin Sister ,svbrLicA_nY,1
Antenna ,vQXvxZaAbh8,1
Róisín Murphy ,_X6TQE2i6vY,1
Electric Guest,sFIfdoGmzvc,48
Joseph Trapanese ,ncZ6drJjdhQ,1
ToyTree ,winZkbCyqVg,1
Max Richter ,2ee9UjhBrqY,4
Geek Music ,1ki7oATXdXc,1
Steven Price ,BzPYvrGWJgA,5
Matt Morton ,gkRVatH5sDk,1
grentperez ,ooPb1Td_GV8,1
Defrank ,4Rn-3RJ9Nvk,1
"Astronauts, etc. ",uqwR8QKXch8,1
Henry Jamison ,yLvMlcijAsY,1
Switchfoot ,UpkdOK0ZyFU,1
The Postal Service ,G6WIQzFnV2k,1
Frank Carter & The Rattlesnakes ,KtM8AHMAdjE,2
Sam Fender ,NJL7VcnFZB0,4
Think Music India,pgfUzQ8nzBY,1
Vendredi sur Mer ,SH7NtTrVt9A,2
RIVAGE ,iVNKtFrTHsA,1
Oscar Anton ,ID1Q2Nc6OEQ,2
Requin Chagrin ,yvllKgQGtTc,1
Hoshi ,gB7rN0bbjhI,1
Doves ,QNO29nRjczE,1
Brijs ,nhxlaLS5qUo,1
Paolo Nutini ,BuF1u9MnkjM,1
Elbow ,90GyoZ9-p6w,1
Kero Kero Bonito,PEmqJBcQ2lg,6
Spoon ,w80sthOJXr4,1
George Taylor ,mT4zEzHgErc,1
Santigold ,i0DKIaUOPSc,1
CapturedTracks,vtSFq7I9aGA,2
Stray Fossa,urpZm6_zKZE,7
Polyvinyl Records,mA23dNtBQ8w,1
David Dean Burkhart,ueLjlkWkH88,94
Let's Eat Grandma ,UhPlaK5pQ_c,2
Will Connolly ,bAfnWMd3flE,6
Big Thief ,pZG6u4DDb-M,9
Phantogram ,-eZnr1s8NqM,2
Wild Sweet Orange ,MIRcUxMCuHM,1
Sammy Brue ,_E1c2iGBALI,1
FUTURE ,SlZMDmtRnS0,1
Don Toliver ,ZkJHEUKtvXI,1
Kero Kero Bonito ,A2K1kqd4-L8,5
Snail's House ,eqwFDSkR0yc,1
Moe Shop ,NnewjfISoXQ,1
Low Roar ,jQe36x3p6VU,1
Paul Banks ,4ttlOeeCEE8,1
Eskimo Joe ,nkJgS2JR2hA,1
The Shins ,sFskE9WEj0A,3
The Head and the Heart ,YCqGlVrW6Hg,1
Brick + Mortar ,YpxKUtk5_NI,1
We Are Scientists ,-yJjv0h1rP8,1
Our Lady Peace ,hHwgPbPQ98c,1
Cold War Kids ,B2OO8RSxymU,1
The Wombats ,I0BdC5444XQ,1
Electric Century ,MyPfn4hrGBU,1
LilNasXVEVO,bXcSLI58-h8,2
Colyer ,UNX2cZvq_ME,1
The Kiffness,CAyWN9ba9J8,1
Deep Sea Arcade,KTL-NtomW7M,1
Cuco,9wiEM0s4aCQ,1
Great Gable,DhCKLOhk4qU,1
Brahny,7lf7L-71c_4,1
Foxes In Fiction ,v2vOzRL35Gw,2
The Daily Dose,KsSDnNcrvrA,116
4AD,G5RzpPrOd-4,3
ella jane,L9c0_1lk7Eo,1
Clapham Junction,B6SlFaF7Bww,6
Sebastian Bohm ,8hmy4hXK0WM,3
Losers ,e0ioKGtEJu0,1
Chastity Belt ,d3fPtHZ-n7c,2
Chicha ,mSuwP7rFo00,1
Jay Som ,Qv8cIV2-H4E,2
Blouse ,t8qVdgwVhO8,1
Lucy Dacus ,kjJqyzGc8Iw,14
Hater ,jGuAPnTD_CI,2
The Aquadolls ,XiXj6IduJUw,2
Alex G ,ozGijXAbpHQ,2
The Velveteins ,q6i8N4Hv8Ks,1
Cende ,yYkWFTLnmuY,2
Japanese Breakfast ,pLBOnyrrHlY,1
Kevin Krauter ,bOqIT7w1Hlc,1
Widowspeak ,jhkMh1v8zfo,1
Luna Li ,1WWS3yh2Dm8,1
Grizzly Bear,tjecYugTbIQ,1
Bon Iver,t60roHM1t7o,1
TheShinsVEVO,RoLTPcD1S4Q,3
Arts & Crafts México,GuPGZZgNFsU,8
FantasytrashcanTV,IxuDoYhQI2o,1
Dead Oceans,jcq5NlYz1PU,2
Better Oblivion Community Center ,Gy67tOFN1zM,2
World Music Trailer,R0jSnVq1NqU,1
Lera Lynn ,s9KZkyn2PcI,3
Ulrika Spacek ,x4Dfa9Z06Dc,2
Waxahatchee ,DVVQzGZpOVw,1
Weyes Blood ,xniRJsus8pk,2
Mother Tongues ,0fG2rYRExAI,1
YeahYeahYeahsVEVO,oIIxlgcuQRU,1
Imogen Heap ,pDPxlUfFa14,1
Beach Bunny ,XdS4Ge0ojB0,4
Daisy the Great ,JFEeCB4_oAg,2
Lauren Aquilina ,cMZe4aDWhc8,2
Thomas Sanders ,2aMMkT_oyy4,6
Claud ,m0NUyhaULb4,2
Rapper Fix,h006-5wn_gI,1
Hidden Citizens ,IaGsdnKORcA,1
Vince Staples ,3KpZ9Wc7MvA,1
Migos ,3L0qY1JUeqY,1
Vitamin String Quartet ,x0Fd84ojtg8,1
Brian Tyler ,sgzxPqan3VA,13
Daniel Pemberton ,OLa-xBpvhcc,12
Délicieuse Musique,9a-cUQel5D8,37
Full Metal Jacket Soundtrack ,A_WM0pvksig,1
PaleWavesVEVO,-nQessUrdk0,63
Sébastien Tellier ,Z0bBOOgTebM,1
ANIME 'S LAIFU,E6T8SksLtXg,1
Future World Music - Official Channel,-APQ7MQp0Ws,1
Anime luna II,SZOr9K01Eno,1
Lynyrd Skynyrd ,CqnU_sJ8V-E,1
Pearl Jam ,IpwHB2U3J1s,1
Christophe Beck ,3WeAcobAFQQ,3
Blake Neely ,KI6y0-SwGQs,1
Jesper Kyd ,J_iJbqEP9hY,1
Junkie XL ,tikp3fzk7FU,3
Nils Frahm ,luXZuPTJ3f8,1
Nicholas Britell ,nVF-2HgLsYs,2
Bleu Toucan ,zu55DSwlZaU,1
Ola Strandh ,wDIV5DRoHsU,2
Michael Giacchino ,zfFXG9B9SLc,3
Thomas Newman ,IWxZeZW3bl0,2
Zack Hemsey,lWDYAJ2-Y1E,2
MrSuicideSheep,BVomQtrtMTM,2
Sebastian Böhm,9A2d2-V-4as,1
OST Station,AGsjA1pXajk,1
J.Sercan Yacan,pfOvj0581zY,1
Jóhann Jóhannsson ,k4zh8RwhjZ0,1
Secession Studios & Greg Dombrowski ,L1L7KQdtR8o,1
Woodkid ,UrdaRrArd_c,1
Kevin Rix ,7EQU3jLMBSE,2
Harry Gregson-Williams ,Xtu3YGVfOYM,2
James Newton Howard ,DzBEX8t5dRk,1
Jasha Klebe ,XcGeBotqHH0,1
NettwerkMusic,r5e4Nq8JVEE,11
John Ottman ,qX-kkOxuFSQ,1
Jenny Kern ,68rHHxxuwho,1
Alec Benjamin ,DCRIcvPYogg,1
paris jackson ,ba5NLeUmleo,1
Skaar ,gxahcZzjRoY,1
Susie Suh ,6z2ydU67gYo,1
Sofia Mills ,qeSKQoZofTc,1
Steven Universe ,GDTD24KsdGc,2
salvia palth ,acg9ukzBwqg,1
Lonely Meteor,WIEvT_3Hvc0,1
JacqFrost ,CEEPPY0ee-8,1
Skinshape,ulOgzjdBdzY,20
Majestic Casual,E-4Dtd6mC-c,4
Fkj,X4Q7d0CtYyk,38
Brad Stank ,rCCZwYlRdiI,4
Benjamin Wallfisch ,K2fCpgGZyAI,3
AquaVEVO,ZyhrYis509A,1
EA Games Soundtrack ,h2Lpp3bvZVs,2
Enis Rotthoff ,Se2ON6PsjN8,1
Stephen Barton ,Zb87Zpd2TEA,1
Marcin Przybyłowicz ,vsoI1ZdlTK8,1
Chris Tilton ,K_qyHBfNoGY,1
Gijensu ,TcOfXDFfEN0,1
Segun Akinola ,kLMu5BlMmtA,1
Jeremy Blake ,DTl0swTjnj8,1
Sushin Shyam ,4S5hwEhBeL4,1
Head Splitter ,Ih3w0ky7UCY,1
Twelve Titans Music ,VvMGaTxq0p0,1
Samuel Kim ,jVDcBbMpcM4,2
Briston Maroney ,Ke9AYeHZIY0,1
Triple Crown Records,XUoEGjyVz5s,1
GumboSky's,KP6TxlRieiM,20
hollowcoves,j6Keg3XKKjM,1
Channo ,QaNLmg5zXqw,1
Steady Holiday ,hB4TE-MuApk,1
Mark Whalen ,x7KaT6cmeKY,1
Reliks ,y83Czo-sZwA,1
SunflowerBeanVEVO,Rm6ZtALw5KM,3
Flying Nun Records,0cjpAz5iUnA,27
OSymmetry,bAY-ssNscXQ,1
Thoprath Music,bP2o1BaqjqM,1
Chan,ZETKxbxvM3k,1
LilysWorld,EsvHC9UMrGs,1
Loose Music,TesXLLT-KIA,1
Søren Juul,Kl3wbELi840,1
Coldplay,EH9meoWmAOM,1
The Smiths,5mF4pKSi2SU,3
Secret B ,_A33lWx8_C8,1
Seeing Hands ,dsBr3lgmlz4,1
Blam Blam Blam ,9e9WtEwLTbI,1
Interscope Records,zo0mm1XXz1E,1
Elton John ,OphqjeGqhbs,5
Trailer Vault,o7-LCC96pNg,1
TomGrennanVEVO,ZKBqJdjHEUs,74
Anas Khallouk,PubywPZUkPc,3
Dexy's Midnight Runners ,GbpnAGajyMc,3
Dermot Kennedy,W4khYR7RR6A,165
Lewis Capaldi ,cjKWi70WN9g,1
Walking on Cars ,EVXR7DQUCA0,12
Jess Glynne ,VO0a899sd1E,1
Tom Walker ,fQwrp_-xTGI,43
JP Cooper ,XxwhwIhQq2s,1
Gert Taberner ,zc_RsLOgF0g,1
Vashti Bunyan ,AgPQZldbkw4,1
Billie Marten ,K_68Av94lqc,2
Them There ,95gARpetzUA,1
Craft Spells ,LaVLwZvg7ac,1
The Vernes ,DkXmBGyi6Ic,2
The Outlaws ,xFIfV2_L7rE,2
Eric Prydz ,zVtEBow2E7g,1
Yeasayer ,uv2dQwm9F4U,9
Jonas Hibiki ,rV_Yq4uXSpA,1
The Clann ,KTroLJbP3u4,1
Jess Cornelius ,Ls0qQoPMxd4,1
Tropic Harbour ,rMAh5zdR6VA,1
Graveyard Club ,IA-v-zMxong,1
Micra ,SqiV-2TO-QQ,4
Swimming Tapes ,q82nUeyFBbw,3
Vancouver Sleep Clinic ,kwPZKKiNb30,1
Sun Rai ,VCuDGGy9iiY,1
jbrekkieVEVO,t3bjPGUDl1k,2
WeArePalaceVEVO,1cS_i-zDdxg,29
Alvvays A,ZAn3JdtSrnY,67
elenatonraVEVO,l_Pf7z9Zr70,19
manchesterorchVEVO,8ui9umU0C2g,6
half•alive,KOOhPfMbuIQ,32
Tim S. Lucas,WP4ZIZYCzwo,3
KontrolMusic,DBUJ7aIEbE8,1
Death Cab for Cutie,XTPZWG5eLf8,22
gotyemusic,8UVNT4wvIGY,5
Swimming Tapes,mZxv6Xhb6yk,17
BlackPumasVEVO,0G383538qzQ,12
LoMoonVEVO,bnXkMNyc794,8
SwimmingGirlsVEVO,7Xv8JFx2-sc,83
GusDappertonVEVO,QrVl7mgVSg0,7
Cherry Glazerr ,wiwsbg_tf4o,9
Stray Fossa ,ggks3Q6f3jg,1
Shuttle ,pfaGyApsFDg,1
Cathedral Bells ,VPIUds-LuMo,1
BW,UWG1anEqaOE,1
Dr BEN,DPA3CZpsPU0,1
Anamorphia,OU5EjrsASDg,1
OasisVEVO,Tiqxn3iOmxY,1
RhyeVEVO,JJS5ywEIsA4,26
fosterthepeopleVEVO,SDTZ7iX4vTQ,77
Vansire the Band,LkaLbZOYdow,1
JohnNewmanVEVO,CfihYWRWRTQ,11
Lorde,-oqYrDfJYN8,4
Warhaus,GSJdhd0stAg,1
wearetahiti80,wpKWAfoW9dY,1
Them There,ZKE1DVGAhKc,8
Fam Guy Ep,934qT53iK6U,1
Spirit Goth,QuqM1GyLWh8,2
The Blaze,54fea7wuV6s,15
mxmtoon,AeUeLzBO0go,17
CircaWaves,5_8MAhaoyVk,7
Secretly Canadian,LNTh8skeWDA,1
CherryGlazerrVEVO,GFgz9aiiZlQ,1
nettwerkbackstage,sOdJMGVFYAg,1
Dais Records,P_WBu0b2SNs,1
Stello,bW-fnl60L4I,1
LeonBridgesVEVO,0Hegd4xNfRo,1
MichaelKiwanukaVEVO,nOubjLM9Cbc,4
Will Young ,T-3OKio4IFg,2
Bob Moses,hyAoQAzwX5g,11
DarkViperAU Clips,1ozhwBu5cGI,1
Bilal Göregen,maKHf7uY5uk,2
Run For Cover Records,fsgHoOq7NuA,1
ChainsmokersVEVO,0zGcUoRlhmw,8
justintimberlakeVEVO,uuZE_IRwLNI,4
Mild Orange,RrIV6tnuQG0,1
London Grammar,pkeDBwsIaZw,14
TaylorSwiftVEVO,IdneKLhsWOQ,8
ToveLoVEVO,oh2LWWORoiM,2
OBA'G Houses Won't Understand,oJeode5M5SA,2
Long Music Official,4DrC4PShl-M,1
ChetFakerVEVO,hi4pzKvuEQM,4
KanyeWestVEVO,Bm5iA4Zupek,1
Apple Music,S44AQ7Rnt8Y,1
Rod Stewart,zQ41hqlV0Kk,1
Music Life,zJbltNanBIk,1
Marshmello,ePao0cTGG-o,1
CageTheElephantVEVO,opeETnB8m8w,40
OfMonstersAndMenVEVO,ghb6eDopW8I,15
Rick Astley,dQw4w9WgXcQ,4
TotoVEVO,FTQbiNvZqaY,1
KygoMusic,BgfcToAjfdc,1
Route94VEVO,BS46C2z5lVE,1
Robin Schulz,bvC_0foemLY,2
KieszaVEVO,Vnoz5uBEWOA,1
NFVEVO,6WcxRWufzus,13
Twin Cabins ,bqSnxyQje5M,8
STEEZYASFUCK,mPymRFeTJa4,2
UMOVEVO,IJrKlSkxRHA,7
Summer Salt,5oNqaRLDOi0,16
JungleVEVO,7nJRGARveVc,66
Grimes ,G91IsO_CsDs,2
Sufjan Stevens,wX8vpzU_i_c,6
Julien Baker,bWAOkg2i6_g,1
Helena Deland ,oFcV71fJbSA,1
Dreams We've Had Official,jUKmKr8nk3c,1
Joy Again ,FxEOUzdpieU,1
beabadoobeeVEVO,sTQNJT7OZew,6
Sports,Y_hdQXQfsNg,1
mushroomvideos,uJ_1HMAGb4k,5
BobMosesVEVO,cRSqM-67EiE,122
LumineersVEVO,tXsQJhoauxc,25
Modular YouTube,KQH2Kq1QXaI,2
BroodsVEVO,0U48jwC8cZU,86
CircaWavesVEVO,Bv12KhnJomc,1
andrewbirdVEVO,EvSN6AU__ZQ,1
AlfieTemplemanVEVO,sVCWlT2EAcg,1
CannonsVEVO,u4HQevc9JE0,1
CutWormsVEVO,JpAL8zMcBxw,1
KidBloomVEVO,BCdXcVsfdnc,1
Fleet Foxes,L2E2DpWO3-Y,1
Yu chien Wang,Od-iPNJG9ho,5
HozierVEVO,EWLqdAJbu0A,108
HazelEnglishVEVO,n1jqDi2nmF4,1
Music Machina,YHTg8P2uKZQ,2
Audiotree,hfdWUg4GwgM,1
Day Wave ,lqIbQPrXT64,1
MansionairVEVO,miC82O_a5GI,83
Soulection,OCiuDkRVMdM,1
RagnBoneManVEVO,L3wKzyIN1yk,2
BeeGeesVEVO,fNFzfwLM72c,1
billyjoelVEVO,gxEPV4kolz0,1
88rising,RrtkU7i0qD8,5
MattBerningerVEVO,jmGhtIOBlhI,1
Two Door Cinema Club,RrJZJtY6u7o,42
Stereo Honey ,APy3tpO7XJQ,29
Octavian ,02tN3Ts3Pw4,6
favelamarek,_WH8p-rRZrE,226
Petal ,WApC_Cc1w4Y,1
Mindy Gledhill ,k_EQ0jse7xc,1
Claire Parsons ,t0HVDtIDkl4,1
Mike Gordon ,jPTGvl5Ebqg,1
The Psychedelic Furs ,R4nXxOk4NgI,7
Miniature Tigers ,1xRYiBXt66c,1
The Codas ,FkUsQcyuksc,1
Jérôme 50 ,MXMmgv6pfd0,1
White Hinterland ,rleb3Syj_nA,1
JAWNY,Wgw6tJ8yz9M,5
BlossomsVEVO,WBtVjjLtEY8,13
michael seyer,_zUW0lebtYg,3
FirstAidKitVEVO,bDdXe51yphI,5
BombayBicycleVEVO,vglxk3JbHnQ,1
"Joe ""Bean"" Esposito ",KKYBugzHH2c,2
Gus Johnson,NR98SmoCN0o,1
Fat Possum Records,kXPyZqfIces,1
KaceyMusgravesVEVO,U5oIvfraRrU,63
PsychedelicFursVEVO,LGD9i718kBU,18
RatsRecords,8HnLRrQ3RS4,2
The 1975 ,STbSEQ5LpJg,2
Michael Sembello ,6GCNUeTFSbA,2
nat natir,6jOokMEceR4,1
TLSPVEVO,s8LtrwbEUow,15
DeclanMcKennaVEVO,QHgh77iE6qc,6
MarikaHackmanVEVO,FyVBFCmTuUM,1
NBTVEVO,rjAiojfJMxs,202
WaronDrugsVEVO,vkLOg252KRE,1
AngelOlsenVEVO,nleRCBhLr3k,1
The1975VEVO,1K93ioXL63c,36
Dream Theater,dRBP1rpE5y8,1
JacobCollierVEVO,2qUCyW7ewPs,1
TheAvalanchesVEVO,eu0KsZ_MVBc,2
BOCCVEVO,UXzReYLuavg,1
KamasiWashington,S8rzewm2hhE,1
LoyleCarnerVEVO,1GmuDka6pbk,1
groenlandrecords,My4j3vgFxbE,2
Wallows,wIgmyE5Juzw,1
KeaneVEVO,Zx4Hjq6KwO0,1
Moonchild,1eDvtvdoxJE,3
cavetown,c_jWpZ6XDIc,2
IDKHOWVEVO,hXzPxBhhmY8,1
videojuegosobt,vf0WbeOXRyY,2
OrlaGartlandVEVO,M60ssROU_u0,48
Catherine Feeny ,_XydiU33Hco,1
girl in red,3xeAK9A8SOI,1
mgmtmusic,ABtQrFn7zQs,1
MGMTVEVO,fe4EK4HSPkI,2
PassionPitVEVO,DiEwJTOderQ,5
musich3ad,Fn7FXGaHTNs,7
Niki and the Dove ,z2LDLWtCLUY,1
SashaSloanVEVO,T37QFDQak9M,92
Sasha Alex Sloan ,P6en_tphT9I,43
Ethan Gruska,_eNumVa7H1s,2
Shamoon Ismail,invIrTznA38,2
Sasha Alex Sloan,TJaTyD2tLno,10
Music Lounge,cCWcGiVD-78,1
Miami Nights 1984 ,ND-4SmGaGyU,4
NikiAndTheDoveVEVO,eHuci2LUHPA,1
Twin Shadow,JFiDnErxU_A,2
Wavves ,w4oSOCuHqVs,2
DJ Mehdi ,Y0OYcBM2a3o,1
Oh No ,w4sT7sHMeCw,1
Tei Shi ,Mh0FmoQ_rHM,1
J. Cole,MxiSSSa5K2s,2
KygoOfficialVEVO,u3VTKvdAuIY,56
Marion Band$ ,TVJrVodMbm8,1
Lifelike ,1UyPrfpVzh8,3
SYML,geaySHvw5iU,10
thepaperkitesband,gkQFP1rG7wg,1
The Midnight,zZ0zPbh1QHE,3
Winona Oak,RbGuRZlrMMk,4
ChildishGambinoVEVO,F1B9Fk_SgI0,6
EGO TV,gvpnEHP70N0,1
MOMOMOYOUTHVEVO,qM5tNSHScY4,1
Red Hot Chili Peppers,Q0oIoR9mLwc,44
BBC Music,Nrq7pU6Sh3o,3
NoMeAtVEVO,L1u6DViEx48,14
RuelVEVO,r90FuOuqE60,1
Child of the Parish,qLmr3OLOqK0,15
CYNVEVO,-MZgtCp8mtc,2
Chelsea Cutler,1WKmEqju3t0,1
JeremyZuckerVEVO,uKxWP56VStM,4
Jaymes Young,scd-uNNxgrU,2
FINNEAS,3mMVcCMO_Ng,1
Ben Platt,aDeNQNtW1f8,1
Tommy Boy,KRIc_EjwMp8,1
Fleurie ,t87ZqaldRqs,2
Jess Benko ,RwISVSxhjTc,1
Jeremy Zucker ,IMwpwzMc2gw,1
Troye Sivan ,5ep_ej77h8s,1
SigridVEVO,cIriwVhRPVA,5
Kodaline ,3AUtk1wJJBc,7
STREAM MUSIC,20H2E7AcIDs,1
LogicVEVO,Kb24RrHIbFk,2
LANYVEVO,SEZrMORa4uk,4
Lauv,c_10qS7amjk,3
StellaDonnellyVEVO,KLVzHv9Nrng,1
Stella Donnelly ,a_RLVGi9BIw,2
AnotherSkyVEVO,YmOFafc0Z6o,31
OwlCityVEVO,psuRGfAaju4,2
HarryStylesVEVO,Pi2Gy7DG75g,8
Ultra Music,zK1mLIeXwsQ,37
CAR ASTOR,y5V1wmcdyrM,1
PomplamooseMusic,4TKcz5AqcnQ,7
EtienneDeCrecyVEVO,rhqQNEnSpkc,1
PictureThisVEVO,ySWx2dwNfNY,1
Bugzy Malone,7gKgb_Hhmao,29
BeckVEVO,Tj08Ni3tklw,17
Paramore ,Kxyy8NtfBDE,1
Paramore,u3IAybZOt-E,20
AlexDeAustria,lNlpJM72T-E,1
ArcadeFireVEVO,dHC6I7v-1Pc,1
Marcus Marr,Lu8SoNlT9sU,1
WolfAliceVEVO,WqxE-zppu30,2
Amy Shark,Y-IoluTnuKs,1
HalseyVEVO,JGulAZnnTKA,5
Noir / Noir Music (Official),7bMYhJ_UqnE,1
Hayley Kiyoko,TV-_Yuc228s,2
Lukas Graham,dN44xpHjNxE,2
BØRNSmusicVEVO,pLBmqwA4AGc,11
TLATWVEVO,HftYxYc6auU,1
NoWyldVEVO,kGIgqwv7dxQ,14
Broods ,w1SRTGNqNyQ,4
Portugal. The Man,Hha0bwVvGmY,59
The Last Shadow Puppets,IamcaGta7hY,2
SUN SILVA ,-aJ8X_4WR7A,36
Beck ,0ZJ9PNtmRCs,1
Maroon5VEVO,NmugSMBh_iI,11
BROODS,7T40dW3_bG0,19
VevoDSCVR,tAAl3HV-0t0,6
RihannaVEVO,JF8BRvqGCNs,1
FlorenceMachineVEVO,5GHXEGz3PJg,1
TheKooksVEVO,3tUh-x-fp8Q,2
ChelouVEVO,BgP9tzt9_Z8,1
Vance Joy,zKmWd8DPrEc,3
Mad Decent,OI3shBXlqsw,1
Bryce Vine,kudi8OtMu9s,7
RosaliaVEVO,2j3x0VYnehg,1
Domino Recording Co.,9cQloro92xA,14
TomWalkerVEVO,fS0SyW980YI,70
KingPrincessVEVO,_yZo2bclxG8,2
Saint Motel,IyVPyKrx0Xo,22
MaggieRogersVEVO,NgWC5oEuyjU,1
TheBigMoonVEVO,1OijD72t4XY,2
Janelle Monáe,tGRzz0oqgUE,1
ConanGrayVEVO,-E-_IRJU5w0,2
lovelythebandVEVO,qr1-WpWOUk8,4
ZellaDayVEVO,MhRXOOc_p-0,1
Miike Snow,P_SlAzsXa7E,9
KojeyRadicalVEVO,J_lY8z2l_8E,4
BasVEVO,OA8aw07dpg0,1
ChvrchesVEVO,_mTRvJ9fugM,38
BenHowardVEVO,ADP65wbBUpc,1
Diplo,ah-ldSwF5hg,1
Holly Humberstone,ILPo-HdvfHA,2
BantuVEVO,OEb7Rh-yknQ,6
Adam Levine ,5U-JroWwFkw,2
DermotKennedyVEVO,oK9wqtAwnoE,220
Kodaline,vhCEaGWTu10,2
Billie Eilish,viimfQi_pUw,1
TV Series & Movie Soundtrack 2,_OO_B1zkilA,1
Bugzy Malone ,52gffuo3hes,1
AmerieVEVO,bbqVg_23otg,1
RiseAgainstVEVO,BblV6AQsd2s,1
AFIVEVO,BguZZ3rGKe0,1
JimmyEatWorldVEVO,oKsxPW6i3pM,1
KasabianVEVO,Jf3CPnDMVz0,13
DaughterVEVO,FZCZG5pwQGk,2
YearsAndYearsVEVO,hXTAn4ELEwM,21
Sam Fender,L12ORqw6R7A,56
David Byrne,5IsSpAOD6K8,1
MassiveAttackVEVO,ZWmrfgj0MZI,2
Absofacto,xe2FPP4lX14,1
SigmaVEVO,Ec92Wa8zJs8,1
alt-J,dCCXq9QB-dQ,2
WhamVEVO,bwNV7TAWN3M,2
SmashMouthVEVO,L_jWHffIx5E,1
Fontaines DC,jLNt8aMNbvY,1
leandroxcx,ao_7PoVDrlQ,1
The Wombats,9MHmx9nvHqU,34
Epic Mountain ,mPhp9TOX3Eo,1
Epic Mountain Music,PgAxibDmN_E,3
True Music LT,C3ahuBmdvDk,1
WalkingOnCarsVEVO,w5h4yJ-BpL4,8
ENPI music,nRNqxjOmdVA,1
Creators,lAwYodrBr2Q,5
LewisCapaldiVEVO,m8rM7Tox1HE,32
Gabrielle Aplin VEVO,8mVbdjec0pA,1
Ed Sheeran,UAWcs5H-qgQ,5
Swimming Girls ,kUpQhSMdRGc,2
KendrickLamarVEVO,JQbjS0_ZfJ0,2
JarrydJamesVEVO,rHfOcoTzSU4,1
TheKillersVEVO,X4YK-DEkvcw,2
Tom Grennan ,B-d_cJOj4S4,4
BastilleVEVO,VgXOPeobPcI,9
BBCRadio1VEVO,EgJeEgJ5KdY,1
MarenMorrisVEVO,Zmxfd3Z_wBA,9
Halsey ,DlaVY_S75CM,3
James Bay ,k8OXKvCZkAw,8
Dean Lewis ,USHn2FnZk40,6
Snow Patrol ,cds3Vdlgdzs,1
Catfish And The Bottlemen ,IqdpEUeLNG8,2
JamesAVEVO,0yW7w8F2TVA,3
GeorgeEzraVEVO,v_B3qkp4nO4,6
Matthew Wilder ,UhLDA4Wr2GU,1
Maren Morris ,6Wl_wlyfU-I,3
Paul Simon ,OMbfT3Wppjo,1
Cocteau Twins ,H5tNPAN8qkA,3
Talking Heads ,fsccjsW8bSY,1
Dustin Lynch ,EOJzKFnou4c,1
Mogwai ,CK1zCi0z_Hk,1
Jordan Davis ,k7wi3YKvmmc,1
Sam Hunt ,dh8YwWlSrNY,1
Fort Atlantic,kBqWtdMpies,1
Jad Farah,VszGNw6NYHs,1
David Bowie,lXgkuM2NhYI,1
modernemanmusic,wx6LVCsW2_o,1
U2 ,an2qAO8Spno,1
David Bowie ,R5n0nfZ_9kg,1
Fleurie,nZcf3oXfz5k,2
FreyaRidingsVEVO,H-3rxh8kZHE,14
The Coronas,P0x8lvM5MvI,3
JamesBayVEVO,mqiH0ZSkM9I,1
Ruelle ,wSacp-aolpo,1
OneRepublic ,XENaP5RkRDY,1
Maisie Peters ,yyfb5fpqP_I,1
Alec Benjamin,50VNCymT-Cs,7
Blanco White ,nb7mIeF_rBw,3
blink182VEVO,K7l5ZeVVoCA,1
StarleyVEVO,I-VsisgVkHw,1
JoeExoticTV,lCgz9915wHw,1
Macklemore LLC,hlVBg7_08n0,2
KodalineVEVO,mtf7hC17IBM,6
DeanLewisVEVO,dKlgCk3IGBg,3
NiallHoranVEVO,ic1l36GrNOU,1
HeyVioletVEVO,GNtIvGrqAZE,2
NakedFamousVEVO,kC29pd_5sQU,6
The Regrettes,r0CD4dVYAEY,4
AviciiOfficialVEVO,UtF6Jej8yb4,2
Melanie Martinez ,lbvhe_zKxNM,1
Musicsketches,KadcTafkJL0,1
Armada Music,VjHMDlAPMUw,8
AlexClareVEVO,zP50Ewh31E4,1
HurtsVEVO,SzE3kNUWA9s,43
Poets of the Fall (Official),MKk1u5RMTn4,12
Love Fame Tragedy,r6_qkQSRCFM,10
Young Werter,2nU6TocCjfg,11
JonasBlueVEVO,btrzs54s1Rc,4
thewantedVEVO,yMR382aefmQ,9
StereophonicsVEVO,b3cZqWoqweU,4
EllieGouldingVEVO,0NKUpo_xKyQ,9
HAEVN MUSIC,hj0TG-bwUYk,1
carrieunderwoodVEVO,pJgoHgpsb9I,2
Inspiring Piano by Annellie,bxrgaYFGyRk,1
LIL UZI VERT,yUAF0nKN0Ck,1
REVIGOR,7NEYAP2t9FQ,1
The War On Drugs,J9LgHNf2Qy0,1
FiftyShadesVEVO,RQUuqbzQVsY,10
LostFrequenciesVEVO,YaH0jYYwHxs,4
Konstantin Gordeev,dWIXUxmN1vQ,1
Bazzi,Uk1hv6h7O1Y,2
Lost Frequencies,4t6rQDxJwno,1
JPCooperVEVO,5Z0EWqe6cLM,2
The Griswolds,3G5F4QDoIXo,11
Stereophonics Official,taNFAiK6Dxs,2
SamFenderVEVO,mx_A6SbU8pY,32
Milky Chance Official,81FeO35TYqQ,4
Divo Music,w0nyEoXBEiA,1
Sony Music South,gjnrtCKZqYg,2
Young the Giant,UAsTlnjvetI,36
Lie Likes Music,1FPkz0m2WOs,1
Linkin Park,dxytyRy-O1k,7
PaperRouteVEVO,K87MK1Fh43Y,6
Anne-Marie,qqob4D3BoZc,3
SofiaCarsonVEVO,OoCng0VYTi0,1
GEazyMusicVEVO,SA7AIQw-7Ms,5
smallpoolsVEVO,e8xni3EcIbc,7
Judah & the Lion,pVLAe6A9bI8,5
SirSlyVEVO,qIOaU7Sm-ZE,23
GlassAnimalsVEVO,_ZdsmLgCVdU,18
BartowskiSpecial,-98TM2pMcug,1
brokenbellsVEVO,uhBewKu80Mg,14
Dua Lipa,1nydxbGhgv8,1
NickJonasVEVO,XgJFqVvb2Ws,5
FIFA Players,XmzjIDRIhY0,31
Years & Years ,Ep_u3SaKc9s,1
AdamLambertVEVO,X1Fqn9du7xo,1
PinkVEVO,OpQFFLBMEPI,1
AmericanAuthorsVEVO,Y66j_BUCBMY,1
Rita Ora,ksdAs4LBRq8,1
MNDRVEVO,QNhhdmDWcJ0,8
tovestyrkeVEVO,bGSNZ7QAoK4,21
halfaliveVEVO,2x5Qpk3ZNYU,3
FutureVEVO,l0U7SxXHkPY,1
SamSmithVEVO,HaMq2nn5ac0,47
Galantis,5XR7naZ_zZA,8
Kovic,dYdkHkbPvak,1
Voka Gentle ,LEZ9f7SJCTA,3
BackstreetBoysVEVO,4fndeDfaWCg,2
Courtney Barnett ,HzzatW40fik,2
JustinBieberVEVO,kffacxfA7G4,1
JonBellionVEVO,AXnqkVTFUqY,1
SonyMusicSouthVEVO,PAhTLB1LBR0,7
Wunderbar Studios,4bZ-MAOLbGc,1
Crystal Fighters ,SoZq39YjbMc,1
Atomic Drum Assembly ,O6vsuATUgQk,7
huskyloopsVEVO,xxr5wlGHAJk,9
HeartsAndColorsVEVO,KZIyyb6z-CY,1
No/Me ,OtG_6PpuS3E,1
Jungle4eva,SetClFl10cQ,3
SuperDuperKyle,5XK4v2fgMPU,1
SuziWuVEVO,KWMtY5bSSeg,2
DennisLloydVEVO,lhGl9D514Bc,1
LaoRaVEVO,FGzIAaR0V_s,2
half·alive ,zuDm4rXxGAA,1
ColouringVEVO,89h5hIt6H0g,1
CutCopyVEVO,Pu5SNyN2nj4,1
MikePosnerVEVO,foE1mO2yM04,1
Keightley8,7AYtfNgnRxI,13
SharonVanEttenVEVO,gC9GyTAuk8s,1
IDER ,mXoPCK2GqfY,1
Doğukan San,hqbS7O9qIXE,1
EasyLifeVEVO,oeFq3Sta6bY,4
Subtv Music,XIgPBJbJQe4,2
VampireWeekendVEVO,yfGEq0JWxGM,1
twenty one pilots,eJnQBXmZ7Ek,2
J. Cole ,ii6u1wSAu90,2
AriLennoxVEVO,FFuZ2avoYmw,1
JacobBanksVEVO,57YOevCrFrQ,1
EyezVEVO,0AXhLFMe-Ow,5
JBTV Music Television,mgQD4uvNMnQ,1
Miike Snow ,Vlfcqw_zEhU,2
711Tactical,m3zvVGJrTP8,4
Senatore_23,uF6IIp6YMjo,4
Matt Maeson ,-hcAI0g-f5M,1
Clean Bandit,m-M1AtrxztU,2
KALEO,0-7IHOXkiV8,2
SeanPaulVEVO,GzU8KqOY8YA,5
Nothing But Thieves,iryBlLyxEsk,1
MarvelMusicVEVO,F_mhWxOjxp4,2
Jennyni20 (Epic Music),o_Ay_iDRAbc,12
Olympic Ayres,666y56PpwoQ,1
kwabsmusic,TW9uj83Vq-0,1
CapitalCitiesVEVO,47dtFZ8CFo8,2
xman77c,94TAFSMdkvk,5
Underaredsky,72MeeEMDXps,1
JakeBuggVEVO,7ovkBRT1_ac,2
KhalidVEVO,0NChtZCDCsY,1
GalaxyMusic,INLDzdMtHQw,1
DisclosureVEVO,fB63ztKnGvo,3
ChrisBricks,oUUaoWjAppg,1
Film Music Fan,r-XXzX2PAvU,1
Disclosure,93ASUImTedo,1
Alex92,VbIdnMgfb-4,1
GPH Music,c5xA8zU_jQ4,1
Matteo Ferri,cWQluSY36FQ,1
Eloquence Music,ibFOFrp4A8s,7
Synthespian,p935TGVHrzI,2
edgar raul martinez valdes,4TF5_d4R3pI,3
RHINO,KjShkVqz2a4,2
ZEDDVEVO,h--P8HzYZ74,2
MovieMusic,IYF7RB6nsY4,3
DisneyMusicVEVO,CyDh3_b1j9c,1
Jorah the Andal,_ou5tccv2Mw,1
Luis Colina,sUmoMSU9_GQ,1
AlessiaCaraVEVO,UKp2CrfmVfw,8
HaileeSteinfeldVEVO,bMpFmHSgC4Q,1
